track_id,track_name,track_artist,track_popularity,track_album_id,track_album_name,track_album_release_date,playlist_name,playlist_id,playlist_genre,playlist_subgenre,danceability,energy,key,loudness,mode,speechiness,acousticness,instrumentalness,liveness,valence,tempo,duration_ms,emotion,confidence
44f68Zu5X9gJ44ziVnaYoR,La Despedida,Daddy Yankee,7,4MAUxicEf2ZyY569TJNBdk,Daddy Yankee Mundial,2010-04-26,Reggaeton viejitoüî•,0si5tw70PIgPkY1Eva6V8f,latin,reggaeton,0.746,0.993,2,-2.134,0,0.0499,0.0866,0.0548,0.0689,0.972,122.046,202827,veera,0.9887999999999999
3xN4zbuUZvGev7c9D0BbTM,Be Sharp Say Nowt - Original Mix,Patrick Topping,48,1Wx6VPrYYhN56cBE99izlc,Be Sharp Say Nowt,2017-11-03,üíäELECTRO-HOUSE-TECHüíä,0AFYmoSuoMQiGGjzvBwr6u,edm,electro house,0.813,0.992,1,-6.203,1,0.0574,0.00194,0.871,0.0957,0.961,126.001,444000,veera,0.9851000000000001
0qJDy1QsmmnZt343XTzxQd,Can't Get Enough! - Vocal Club Mix,Soulsearcher,52,6DZRjWOhvrKPhskYeCi2Jm,Can't Get Enough,1998,House/Electro/Progressive/Disco/Lofi/Synthwave,42jbIN5Zj0UUPdtmqxQRKF,edm,progressive electro house,0.747,0.973,4,-6.415,0,0.037,0.000362,0.565,0.308,0.983,128.127,412973,veera,0.9841
7vHkU1H73z5NVbGTIyI1DG,Around The World,Aqua,0,2vb252Haz9iX4iOd7vP8kX,Greatest Hits,2009-01-01,90s Dance Hits,50cXvxgMGrvoUeLhkzCyIO,pop,dance pop,0.705,0.975,6,-3.847,1,0.0312,0.00332,0.000182,0.537,0.969,129.934,209120,veera,0.9806999999999999
7fRvtXvJMpGfTLdF0M09a1,Talking In Your Sleep,The Romantics,60,0LMfbsue7HETT4P8Mqxbvg,In Heat,1983-02-14,Permanent Wave CHDB,2foj4ZYVHRGqSd1aMqNPBj,rock,permanent wave,0.72,0.967,9,-4.434,0,0.0343,0.0289,0.000345,0.142,0.977,129.766,235093,veera,0.9799
1udmmE0jgD8xLIDW3Bb7Y5,La Carretera,Javiera Mena,0,3BEtvyK449N9l2NiXsjSmq,Otra Era,2014-10-28,This Is: Javiera Mena,37i9dQZF1DWSOvcBNdfJ87,pop,electropop,0.648,0.971,1,-4.052,0,0.0419,0.016,0.000874,0.153,0.97,131.973,289151,veera,0.9794
4TQeNHx85xcP9YRkvJC6K1,Walkin' On The Sun,Smash Mouth,64,1CsztoJYGwGURMCppulrOt,Fush Yu Mang (20th Anniversary Edition),1997-07-08,Permanent Wave,2ExyzXAbukW7I8bDqdGvPB,rock,permanent wave,0.745,0.972,6,-5.598,1,0.0316,0.346,0.0,0.148,0.968,123.067,207787,veera,0.9792000000000001
1Oof977AMg2ZHlTPrLAIgI,La Evoluci√≥n,David Blanco,11,3YTH4U8b7uHTRjK7MHB0aA,La Evoluci√≥n,2009-09-21,Cuban vibes only,6VWXakL2ojgiVC01I271e2,r&b,urban contemporary,0.808,0.965,10,-3.679,0,0.0317,0.0028,0.0,0.536,0.974,120.012,228000,veera,0.9782
1qo1dnwguBAbiqRNd3oTEi,Body Work,Pickle,54,5qgPhM185R7H3W8htqTeye,Body Work,2019-04-08,Electro House - by Spinnin' Records,4pVZ70y8vzzkn2GVwQbQw8,edm,electro house,0.772,0.974,0,-4.444,1,0.0677,0.0214,0.873,0.0901,0.961,126.005,196190,veera,0.9779
2Y90nL1ohB4sgYELDs7uNx,Glory Days,Bruce Springsteen,67,0PMasrHdpaoIRuHuhHp72O,Born In The U.S.A.,1984-06-04,Classic Rock Drive,37i9dQZF1DXdOEFt9ZX0dh,rock,classic rock,0.574,0.96,9,-4.906,1,0.032,0.0457,0.0,0.121,0.978,117.486,254733,veera,0.9774
2q9cjGRCXwJcp3YchwAQQV,Show Me How You Love Me (Freestyle Club),Elissa,2,5RduPAmuHvjCWV19vrDwDX,Show Me How You Love Me (Do You Love Me),2009-08-28,80's Freestyle/Disco Dance Party (Set Crossfade to 4-Seconds),1oReEujyWpQv2OX68BVPPA,latin,latin hip hop,0.89,0.964,8,-4.699,1,0.0589,0.0829,0.0585,0.221,0.97,126.012,303961,veera,0.9765999999999999
28fkptp3jDebDqBXAOjlG8,Amor De Feisbuk (Facebook),Danilo Parra,9,0vGLsbFEj5516YMwBZ94je,El Mejor Hombre Del Mundo,2014-10-20,Latin Pop antiguo,4BmnnqWEQAamNoVjtjrQJP,latin,latin pop,0.767,0.961,0,-4.437,1,0.0499,0.0718,1.21e-06,0.0628,0.967,110.026,188067,veera,0.9744999999999999
7kKI6RZNOYdAHqOcqS93oC,Tanz die Revolution (Der Single Mix),Frozen Plasma,0,0J0Ll3k0cuxxusK0tEseCT,Tanz die Revolution,2008-09-19,Gothic / Industrial / Mittelalter / EBM / Futurepop / Gothik / Electropop,53CmFroG6MWR5reOOXJX6B,pop,electropop,0.613,0.989,4,-3.349,0,0.0323,0.0172,2.14e-05,0.115,0.928,129.997,286000,veera,0.974
0JufJHXVWc2cQsWXgZMbKV,Te Quiero Amar - Remix,Pasabordo,0,7apwBLmfSUh2W9TURW7kO1,Pasabordo,2015-06-29,MIX LATIN POP¬∞,6IS6XTdbS9qJZgfjNKgpB8,latin,latin pop,0.717,0.962,4,-2.217,1,0.0556,0.21,0.0,0.308,0.963,118.017,216587,veera,0.9737
34zbPJOhBLVd4sYbHSV7nr,Dub-I-Dub,Me & My,49,4WmrKyFBuGY2ygFrRqMUVH,Me & My,1995,90s Dance Hits,50cXvxgMGrvoUeLhkzCyIO,pop,dance pop,0.658,0.96,7,-6.251,1,0.0474,0.066,1.38e-05,0.154,0.961,136.005,205000,veera,0.9722999999999999
03L9G5TQGdhASEknspRIZQ,BARRACA (feat. MC Pikachu),Garmiani,50,2s4IDihyyANNAeV3eYnnwc,BARRACA (feat. MC Pikachu),2019-05-03,"Festival Music 2019 - Warm Up Music (EDM, Big Room & Progressive House)",73uj4YmsC7SJ6SbUMTvf07,edm,progressive electro house,0.708,0.984,5,-1.262,0,0.0747,0.2,0.38,0.351,0.929,128.031,150020,veera,0.9722999999999999
3PDWPFwYvEGlgcAgDP1ZCs,BARRACA,Garmiani,45,7bojwP01bQB85Lenh0semG,BARRACA,2019-03-11,PAROOKAVILLE - Big Room,6vbHQdtfmexb0ptmBSpemm,edm,big room,0.782,0.979,5,-1.817,0,0.0663,0.184,0.624,0.326,0.935,127.922,150020,veera,0.9721
1oG2vWELiGjIqxwqGcyqwF,You Really Got Me,The Kinks,16,3hXXoaAA09avxBSSxtPIaL,Kinks (Super Deluxe Edition),1964-10-02,House Of The Rising Sun,1bMYfBHYBCRHY5LGkjlpSy,rock,album rock,0.567,0.959,8,-3.822,1,0.102,0.0995,6.07e-05,0.1,0.961,137.377,133933,veera,0.9719
1oG2vWELiGjIqxwqGcyqwF,You Really Got Me,The Kinks,16,3hXXoaAA09avxBSSxtPIaL,Kinks (Super Deluxe Edition),1964-10-02,Rock Classics,37i9dQZF1DWXRqgorJj26U,rock,classic rock,0.567,0.959,8,-3.822,1,0.102,0.0995,6.07e-05,0.1,0.961,137.377,133933,veera,0.9719
5fbR5XxBRLGMue3QKtDgF3,The Village - 2015 Remaster,New Order,45,6NTrwu1XJ56jBPx7HMksbZ,Power Corruption and Lies,1983-05-02,"""Permanent Wave""",3HjTMn6O6adW8vcSMnqmhw,rock,permanent wave,0.608,0.957,0,-7.095,1,0.0302,0.000884,0.291,0.164,0.96,131.575,277120,veera,0.9708000000000001
70mkLFWSI7m32pryOXcjsl,Superlove (Avicii vs. Lenny Kravitz) - Radio Edit,Avicii,0,7onscBjmH0yvdGWcdJrVfW,Running Songs: The Collection,2015-12-11,2011-2014 House,53Ga3Xt9fumdJfhNNSBvzU,edm,progressive electro house,0.601,0.951,9,-3.138,0,0.0426,0.271,0.84,0.146,0.968,127.959,179531,veera,0.9708000000000001
4F3J8TtDGK8wQNk6ggMObb,Te Quiero Amar - Remix,Pasabordo,0,0jvBmzxqfd8KXhCnv4Bd75,Te Quiero Amar (Remix),2013-04-30,Latin Pop antiguo,4BmnnqWEQAamNoVjtjrQJP,latin,latin pop,0.744,0.952,4,-2.406,1,0.0487,0.28,0.0,0.351,0.964,117.999,217444,veera,0.97
3I8yVFjvJoOBM9tX4ZpxEL,Ryd,Steve Lacy,60,47DbvIExnHbqAhIuzBAO9W,Steve Lacy's Demo,2017-02-24,Urban Contemporary,4Pbs84EQbuAblxlp6Chz0d,r&b,urban contemporary,0.784,0.94,9,-7.327,0,0.054,0.0716,0.000171,0.133,0.979,137.003,140182,veera,0.9697
3I8yVFjvJoOBM9tX4ZpxEL,Ryd,Steve Lacy,60,47DbvIExnHbqAhIuzBAO9W,Steve Lacy's Demo,2017-02-24,NEO-soul,3q3M4VCymcMoxJ3Tl7mRqN,r&b,neo soul,0.784,0.94,9,-7.327,0,0.054,0.0716,0.000171,0.133,0.979,137.003,140182,veera,0.9697
6PF9OvMNlndPgJ4ArsJCq3,One Thing Leads To Another,The Fixx,0,5jyYlJdBiy75c2SBe0xq9K,Radio Waves Of The 80's - Pop Hits,2003-01-01,Classic Rock Greatest Hits,6TeyryiZ2UEf3CbLXyztFA,rock,classic rock,0.785,0.948,5,-6.681,0,0.0477,0.185,0.0143,0.156,0.967,136.811,204587,veera,0.9693
50RKxAH1u49WI5BI8AlRaw,Samishii Nettaigyo (Bonus Track) - Remastered 2013,Wink,0,3hF52jDC8X9uDZUbqhSczX,Twin Memories (Remastered 2013),1989-12-01,Japanese Funk/Soul/NEO/Jazz/Acid,4zNayWuATXCAA9gaXvnFnq,r&b,neo soul,0.636,0.954,9,-6.125,0,0.0365,0.395,0.000546,0.043,0.958,121.914,269013,veera,0.9690000000000001
55KhvVzqoaNEgaRTDmu6Zg,Hold the Night,Lyre Le Temps,46,1EWFmpi36vurwa8xRzye8E,Lady Swing,2010-05-17,Electro Swing,3Dr4NKbsFQ2m7tmPxGRroO,edm,electro house,0.727,0.965,11,-4.186,0,0.0909,0.0259,2.29e-06,0.166,0.941,130.023,260307,veera,0.9682999999999999
45PzJFqYNWpJVmd57pbEJO,Instant Funk,Merchant,39,2K2RVDtArhuNOc4HHDQ4oQ,"Beach Diggin‚Äô, Vol. 1",2013-06-28,House/Electro/Progressive/Disco/Lofi/Synthwave,42jbIN5Zj0UUPdtmqxQRKF,edm,progressive electro house,0.693,0.945,11,-8.559,0,0.0676,0.646,0.00259,0.131,0.965,115.364,338000,veera,0.9675
5fq4jxlqyjAVFLOB0lZIdT,25 Horas,Proyecto Uno,54,0zBYmCiHOfrng2FYSeWPUr,25 Horas,2014-05-31,TROPICALüå¥,0TT57Pe3RZNGCy98G1UQpM,latin,tropical,0.724,0.954,4,-5.027,1,0.0493,0.161,0.000637,0.0516,0.952,125.043,247596,veera,0.9672000000000001
1EhDeCHd34jt7dMDqkGQBC,Arrasando,Thal√≠a,54,2PA0R3BGC5ZGCAR6G23sqO,Arrasando,2000-01-01,Latin Pop antiguo,4BmnnqWEQAamNoVjtjrQJP,latin,latin pop,0.726,0.984,2,-5.949,1,0.0564,0.0515,0.0113,0.663,0.912,131.934,239733,veera,0.9672000000000001
4mT5I3PjPcZXgA0P7SaxI6,Just Another Piano Solo - Original Mix,L'Atelier,39,6TtYslStIf7kMk2Ay4e7IU,The Cobalt EP,2015-04-13,House/Electro/Progressive/Disco/Lofi/Synthwave,42jbIN5Zj0UUPdtmqxQRKF,edm,progressive electro house,0.715,0.942,0,-7.643,1,0.039,0.000908,0.893,0.411,0.968,125.007,308852,veera,0.9672000000000001
28vNCICzMyHB0CluX8mhFz,Comerte a Besos,Danilo Parra,6,0vGLsbFEj5516YMwBZ94je,El Mejor Hombre Del Mundo,2014-10-20,Latin Pop antiguo,4BmnnqWEQAamNoVjtjrQJP,latin,latin pop,0.675,0.955,0,-3.242,1,0.0371,0.173,9.87e-06,0.357,0.949,121.982,171109,veera,0.9666999999999999
0K1XXuhaJBPWMcgjj3ug3u,Las Avispas,Juan Luis Guerra 4.40,50,3bHkIxCLH1CmadBBWuRLxO,Para Ti,2004-01-01,TROPICALüå¥,0TT57Pe3RZNGCy98G1UQpM,latin,tropical,0.814,0.944,4,-2.758,0,0.0532,0.544,7.91e-06,0.0642,0.961,130.082,197333,veera,0.9659
6gQUbFwwdYXlKdmqRoWKJe,Dude (Looks Like A Lady),Aerosmith,70,3XYqOJI1YlX40kJTdzFEzp,Permanent Vacation,1987-01-01,Classic Rock Playlist.,7CESj1xKbxdArRzloygvkl,rock,classic rock,0.54,0.982,4,-2.962,0,0.0458,0.435,3.37e-05,0.0457,0.91,126.294,265773,veera,0.9658
6gQUbFwwdYXlKdmqRoWKJe,Dude (Looks Like A Lady),Aerosmith,70,3XYqOJI1YlX40kJTdzFEzp,Permanent Vacation,1987-01-01,‚Äô80s Hard Rock,37i9dQZF1DX68H8ZujdnN7,rock,hard rock,0.54,0.982,4,-2.962,0,0.0458,0.435,3.37e-05,0.0457,0.91,126.294,265773,veera,0.9658
0docub2BW5HcsWU4WoOQqA,Dude (Looks Like a Lady),Aerosmith,1,0YlgzYfI3a1OrGBBN0wWTG,The Essential Aerosmith,2011-09-13,Hard Rock Classics 1967-1991 (Party Edition),1NIX36ZFWEtgXSbSNghoue,rock,hard rock,0.57,0.963,2,-3.528,1,0.0417,0.0531,7.03e-06,0.0265,0.933,126.222,261827,veera,0.9651000000000001
29SyMC0plk6qw8NMF7lfRL,You Really Got Me - Mono Mix,The Kinks,72,08G3mGQXuHItbbsFAz50gJ,Kinks,1964-10-02,Classic Rock Retrogamer,6gUFdcGzKAHyDXY9TKC6cP,rock,classic rock,0.573,0.939,8,-6.441,1,0.0808,0.493,0.0,0.0994,0.963,137.382,134253,veera,0.9644999999999999
7HKez549fwJQDzx3zLjHKC,Start Me Up - Remastered,The Rolling Stones,76,15XNBzVWARPMlu0sEbfBjJ,Tattoo You (2009 Re-Mastered),1981-08-24,Classic Rock Drive,37i9dQZF1DXdOEFt9ZX0dh,rock,classic rock,0.631,0.932,5,-4.142,1,0.0354,0.0436,0.137,0.0918,0.971,122.429,213067,veera,0.9641
5EOoMWIB9iK4ZpcSex9Ec7,Old Time Rock & Roll,Bob Seger,72,1vhib5WLHRVdOpRjiTHk15,Stranger In Town,1978-05-05,Badass Rock,44bkJI1QGkT2O0GYJSsbkp,rap,southern hip hop,0.714,0.937,6,-2.947,1,0.0399,0.206,0.0,0.0731,0.964,124.13,194147,veera,0.964
5EOoMWIB9iK4ZpcSex9Ec7,Old Time Rock & Roll,Bob Seger,72,1vhib5WLHRVdOpRjiTHk15,Stranger In Town,1978-05-05,The Sound of Album Rock,3yj9YnQGTdnFuKbDyXGDi6,rock,album rock,0.714,0.937,6,-2.947,1,0.0399,0.206,0.0,0.0731,0.964,124.13,194147,veera,0.964
5EOoMWIB9iK4ZpcSex9Ec7,Old Time Rock & Roll,Bob Seger,72,1vhib5WLHRVdOpRjiTHk15,Stranger In Town,1978-05-05,Classic Rock,5BygwTQ3OrbiwVsQhXFHMz,rock,classic rock,0.714,0.937,6,-2.947,1,0.0399,0.206,0.0,0.0731,0.964,124.13,194147,veera,0.964
0US3WIJMmCH7SU4IdOMish,Diamond Girl,Ballin Entertainment,0,5L1xcowSxwzFUSJzvyMp48,Ultimate Freestyle Mega Mix,2008-04-20,Latin Hip Hop/Freestyle,2MYEUjX0YAI9dxrBDzoCK7,latin,latin hip hop,0.731,0.947,8,-10.651,0,0.0584,0.0527,0.087,0.166,0.947,129.652,170292,veera,0.9629000000000001
7D5k2vI0Kcp84Kso4acpKc,Si o No,Victor Mu√±oz,38,52UGd9av3ImgY2RaWsthut,Minutos (Edici√≥n de Oro),2009,MIX LATIN POP¬∞,6IS6XTdbS9qJZgfjNKgpB8,latin,latin pop,0.75,0.948,5,-4.143,0,0.0459,0.315,0.0,0.0816,0.945,119.948,209947,veera,0.9626999999999999
5EcvzboYmDIfXo9gPplsSB,Brown Sugar,The Rolling Stones,16,1WDA6r4advRJalp0gJCoXv,Sticky Fingers (Deluxe),1971-04-23,House Of The Rising Sun,1bMYfBHYBCRHY5LGkjlpSy,rock,album rock,0.638,0.931,0,-3.605,1,0.0363,0.228,0.000295,0.0524,0.965,128.662,228667,veera,0.9619
5EcvzboYmDIfXo9gPplsSB,Brown Sugar,The Rolling Stones,16,1WDA6r4advRJalp0gJCoXv,Sticky Fingers (Deluxe),1971-04-23,Rock Classics,37i9dQZF1DWXRqgorJj26U,rock,classic rock,0.638,0.931,0,-3.605,1,0.0363,0.228,0.000295,0.0524,0.965,128.662,228667,veera,0.9619
5Jk7T3Y4SNdsrC8uaWnHp9,Push Ya Back Out,Shift K3Y,43,1yDDAwvk3OMzNTg8Gf64qu,Push Ya Back Out,2019-11-29,Electro House - by Spinnin' Records,4pVZ70y8vzzkn2GVwQbQw8,edm,electro house,0.825,0.95,10,-3.743,0,0.0615,0.00381,0.0394,0.0276,0.939,126.022,214500,veera,0.9617
2n3CaPGPLYnYAvTEwKCX8t,Mmm Yeah (feat. Pitbull),Austin Mahone,64,0dcqVluuyFBCScCqH7uAwx,The Secret,2014,Post teen pop,7jQHOrErpLMStcUUSavQWR,pop,post-teen pop,0.712,0.922,6,-3.902,0,0.0411,0.00266,1.9e-06,0.268,0.976,125.984,231625,veera,0.9616
1lhpxZT57yw5toGJtt8fGE,Old Time Rock & Roll,Bob Seger,18,3IqhO2ukdUkAs83DzamqIJ,Stranger In Town,1978-05-05,House Of The Rising Sun,1bMYfBHYBCRHY5LGkjlpSy,rock,album rock,0.713,0.931,6,-2.965,1,0.0394,0.219,0.0,0.0694,0.963,124.127,194147,veera,0.9613
1lhpxZT57yw5toGJtt8fGE,Old Time Rock & Roll,Bob Seger,18,3IqhO2ukdUkAs83DzamqIJ,Stranger In Town,1978-05-05,Rock Classics,37i9dQZF1DWXRqgorJj26U,rock,classic rock,0.713,0.931,6,-2.965,1,0.0394,0.219,0.0,0.0694,0.963,124.127,194147,veera,0.9613
3vV2Gu4JlRaeHfJxg2Z1dk,My Oh My,Aqua,43,7uYn7ZSrXOVlmITyocZs9F,Aquarium,1997-01-01,90s Dance Hits,50cXvxgMGrvoUeLhkzCyIO,pop,dance pop,0.712,0.931,2,-7.742,0,0.0337,0.107,0.00132,0.0819,0.961,132.993,204720,veera,0.9607000000000001
16rClbxgQaEFGLdkOBuy0c,Only Time Will Tell,O.S.U.,7,1B25u80kX4xI9X1tOqmonN,Tazmania Freestyle Vol. 1,2007-12-21,Latin Hip Hop/Freestyle,2MYEUjX0YAI9dxrBDzoCK7,latin,latin hip hop,0.722,0.926,1,-12.546,0,0.0392,0.0347,0.000344,0.0328,0.967,122.4,281133,veera,0.9605000000000001
2wTionilOAj3vJw5zvRTj3,Do You Hear Me,DINKS,32,5eLeVAiUCD8ePkgPAbHQ5d,Do You Hear Me,2019-12-20,Great Pops,5SO7xYih5w8X5FEpKvU7Rt,latin,latin pop,0.753,0.952,2,-6.559,1,0.0463,0.00561,0.707,0.0772,0.932,122.01,181721,veera,0.9604000000000001
1qqRjft6v31fj25748LBLW,Cuando Te Miro,Jes√∫s & Yorky,0,6l0xuZ0j1l6lk3ngdJ6qAX,Cuando Te Miro,2016-10-31,MIX LATIN POP¬∞,6IS6XTdbS9qJZgfjNKgpB8,latin,latin pop,0.767,0.929,9,-4.392,1,0.0621,0.137,0.0,0.259,0.962,126.046,209895,veera,0.9601999999999999
2gTj9PRAEFMpqsRNphO1k7,New Sensation,INXS,44,7CJvhqb2PJq5fBcY6eKqjl,INXS Remastered,2011-01-01,Hard Rock Cafe Classics,3sv5ViKoPDNnZRsklzEGMN,rock,hard rock,0.682,0.954,9,-4.951,1,0.0625,0.00712,4.04e-05,0.052,0.928,115.473,220160,veera,0.96
4CstQ0SUkl0YkoeZkIZlIx,100 Miles and Running (ft. Wale & John Lindahl),Logic,60,1lyjkFTJ6yxUyNYysWVBo9,YSIV,2018-09-28,This Is Logic,37i9dQZF1DWTIuAboZgTMf,rap,hip hop,0.835,0.929,7,-3.595,1,0.0653,0.579,1.28e-06,0.38,0.96,119.047,353453,veera,0.9596
237SYSC33Z7jhBlyAMjgEt,What's the Reason,Glenn Gatsby,41,2wWfWKuSAZoxBqLkuw6XPO,What's the Reason,2019-12-27,Electro Swing Top 100,5M7xLCQTYJL0lbKIrUn3a4,edm,electro house,0.805,0.958,0,-5.913,1,0.0505,0.11,0.834,0.236,0.921,123.026,181463,veera,0.9595
237SYSC33Z7jhBlyAMjgEt,What's the Reason,Glenn Gatsby,41,2wWfWKuSAZoxBqLkuw6XPO,What's the Reason,2019-12-27,Waves Pop and EDM,64k01l4j6QtnZ8jMaI84AA,edm,pop edm,0.805,0.958,0,-5.913,1,0.0505,0.11,0.834,0.236,0.921,123.026,181463,veera,0.9595
1PelBdlzW0xREInIHMfeUC,Flesh,A Split Second,0,2jpknEpGcq1CBeJvFPCl10,Cl√°sicos de la Fiesta,2003-01-01,"Maxi Pop  GOLD (New Wave, Electropop, Synth Pop...)",2nRWtTI9a2LWjJ9Wy3JZs5,pop,electropop,0.638,0.996,9,-6.407,1,0.0457,0.068,0.86,0.159,0.87,130.04,169839,veera,0.9594
7vgIM49wiRCUMxUR2DRs9O,Whatcha Know (featuring Big Gipp),Three 6 Mafia,28,16T5Usl6Qs24qps5ZwIeVI,When The Smoke Clears,2000-06-13,90s-2000s Southern Hip Hop / Crunk,5wsWBmQgDtKa8CEg7wTEMi,rap,southern hip hop,0.944,0.937,6,-5.089,1,0.0704,0.0087,0.0,0.457,0.948,136.05,257827,veera,0.9592
2hmm9zhst4zkHu2743ZSVW,Turn This Mutha Out,MC Hammer,35,0BeNwL2U8jk6pYMNP1sfQj,Greatest Hits,1996-10-01,Minitruckin Playlist,0VVH2Nzj6kBVGK3WIUQMAw,rap,southern hip hop,0.874,0.973,7,-6.155,1,0.043,0.00358,0.0656,0.37,0.898,111.384,283333,veera,0.9585999999999999
2LUVo82IKIpCuBNSaqF0G8,Corona,Minutemen,53,5viZ5HyYtV0wafK7DoXmgF,Double Nickels on the Dime,1984-07-24,The 1950s/1960s/1970s/1980s/1990s/2000s/2010s with pop/r&b/soul/boogie/dance/jazz/hip hop/hop/rap.,1S7BckuYIkEazeNKOSM0uA,r&b,urban contemporary,0.47,0.913,7,-10.196,1,0.0343,6.59e-05,0.267,0.222,0.977,130.425,145533,veera,0.9582999999999999
20jvgYvnqySWnNCsHQZnXk,El Taqui Taqui - Original Mix,Ilegales,54,5aAR4JhNb2bA0r6uPHlhYz,Rebotando,1997-11-11,Punto Tropical,37i9dQZF1DWZ1FUX6sM67g,latin,tropical,0.826,0.949,6,-7.18,0,0.064,0.0242,1.33e-05,0.0191,0.928,133.456,263493,veera,0.958
3lvYern0XwXErOq5G6vLIT,Tekno,Moksi,34,1R3bzemlFEbO1ZsexNb5RZ,On The Block,2019-03-15,Nasty Bits,37i9dQZF1DX2VvACCrgjrt,edm,electro house,0.846,0.982,8,-2.755,0,0.0797,0.105,0.858,0.105,0.884,130.014,192425,veera,0.958
2pX4FpOgwItRVPPUFdRcxA,Smooth (feat. Rob Thomas),Santana,59,1n12Kl9IoHSk65OcZDutSH,Supernatural (Legacy Edition),1999,Permanent wave,0tOy7ZY4E2PadXIyj8zU43,rock,permanent wave,0.609,0.923,9,-3.908,1,0.0338,0.16,4.73e-06,0.295,0.961,115.996,294987,veera,0.9575
6KqWBiEZxRmPPGDc0PkRoV,Venus,Bananarama,6,2vDObObqBd5ivU4g0RmP4v,True Confessions (Platinum Re-Issue),1986,80's Songs | Top üíØ 80s Music Hits,65HtIbyFkaQPflCa4oW8KO,pop,electropop,0.722,0.961,9,-4.812,1,0.0514,0.0883,0.61,0.278,0.91,126.113,229165,veera,0.9574
63knvuoSPpfzIwdDuWRSoV,Rie y Llora,Celia Cruz,51,7ipsYdh5KxIjrM3gH66T0Q,Regalo Del Alma,2000,Cuban vibes only,6VWXakL2ojgiVC01I271e2,r&b,urban contemporary,0.833,0.918,2,-4.401,0,0.0327,0.0646,2.49e-05,0.147,0.967,128.023,250373,veera,0.9573
3G2OX9eOHcgzqArjECc1Ye,Dreams,L'Epee,23,1t28xChKPAVBHjBhLSc49Y,Dreams,2019-05-17,Permanent Wave,5Go0Jsxj1UnsU7Om841BEo,rock,permanent wave,0.522,0.938,1,-5.484,0,0.0367,9.43e-06,0.687,0.11,0.939,120.008,208212,veera,0.9568999999999999
5O9Mb95hkpNLw0HLsWwIoj,Need to Swing,Emma Clair,34,5cNxDFQCwwEzlYuWRnpdg7,Need to Swing,2019-12-20,Great Pops,5SO7xYih5w8X5FEpKvU7Rt,latin,latin pop,0.952,0.917,11,-4.973,0,0.133,0.00449,0.297,0.0922,0.965,127.968,217800,veera,0.9562999999999999
5O9Mb95hkpNLw0HLsWwIoj,Need to Swing,Emma Clair,34,5cNxDFQCwwEzlYuWRnpdg7,Need to Swing,2019-12-20,Electro Swing Top 100,5M7xLCQTYJL0lbKIrUn3a4,edm,electro house,0.952,0.917,11,-4.973,0,0.133,0.00449,0.297,0.0922,0.965,127.968,217800,veera,0.9562999999999999
19lSYFEPBJOoUaHCAtJLZv,Freak It Out,Golf Clap,40,7g0CiQKmJgBHkNf7zRmWAE,Freak It Out,2019-11-22,ELECTRO HOUSE 2020,1N5dPU0Ca9N9AwBbUeyzX5,edm,electro house,0.816,0.97,2,-5.229,1,0.128,0.00107,0.832,0.32,0.893,127.007,261463,veera,0.9559
7d2RpBy2qTpFnzXd5jwX5F,On The Drums,Pickle,58,4pEO9i4jditKRUvgJkbYkr,On The Drums,2019-11-29,Electro House - by Spinnin' Records,4pVZ70y8vzzkn2GVwQbQw8,edm,electro house,0.752,0.957,9,-4.305,1,0.0512,0.00358,0.758,0.0941,0.91,123.993,206129,veera,0.9558
64BxhMTsd59rugHkQw6I6O,Khamsa Ba2a,Oka,43,2tJMqY3yUBAVMnkfoPIKCg,Khamsa Ba2a,2019-11-13,Global X,37i9dQZF1DWUxHPh2rEiHr,latin,latin pop,0.922,0.926,3,-2.067,1,0.0467,0.139,0.0,0.175,0.949,128.015,191250,veera,0.9551000000000001
6jJCk7oHNwyowOUaF3gXEu,Tell It to My Heart,Taylor Dayne,56,5sZeWcdXYHq9MbNDSOMqCP,Platinum & Gold Collection,2003-06-17,80's Songs | Top üíØ 80s Music Hits,65HtIbyFkaQPflCa4oW8KO,pop,electropop,0.677,0.985,1,-4.678,1,0.0549,0.07,3.62e-05,0.351,0.87,118.092,220227,veera,0.9550000000000001
3Gfmqdov5Q8l0BKmCeidJt,La Temperatura,J Alvarez,40,0e6z7szBqUou27cq6OrNha,De Camino Pa' la Cima,2014-02-18,Fiesta Latina Mix üéàüéâüíÉüèªüï∫üèª‚òÄÔ∏èüèñ,2kY6lVc5EcVfI5WNKmPQQG,latin,latin pop,0.602,0.919,6,-4.878,1,0.0448,0.0532,0.0,0.314,0.956,124.99,215200,veera,0.9544000000000001
2q6uZVUxOUIoYTufzsiyHW,Que Me Tome la Noche,Javiera Mena,0,3BEtvyK449N9l2NiXsjSmq,Otra Era,2014-10-28,This Is: Javiera Mena,37i9dQZF1DWSOvcBNdfJ87,pop,electropop,0.713,0.913,0,-3.399,0,0.0416,0.00673,6.14e-06,0.103,0.964,134.981,208283,veera,0.9543999999999999
0NIRG3SEn2Zf88o3qHJil5,Hot Legs,Rod Stewart,53,5WphcZoWlcSvc1ljahqYYg,Foot Loose & Fancy Free,1977,70s Pop & Rock Hits and Deep Tracks,1uKFRCQYci8kVgMy3xzTVH,rock,album rock,0.707,0.906,7,-5.771,1,0.0309,0.0368,0.000968,0.661,0.97,112.837,315293,veera,0.9534
77j9HOrxUpWcjwra9jgvio,We like to Party! (Six Flags),Vengaboys,51,0R44mmTKUE1XCuGVVrPfTZ,We like to Party! (The Vengabus),1998,90s Dance Hits,50cXvxgMGrvoUeLhkzCyIO,pop,dance pop,0.785,0.905,8,-7.929,1,0.0449,0.00803,0.859,0.046,0.969,136.018,224227,veera,0.9527000000000001
3LUUsUqIpjMUx0NJjHzDsf,Be Mine Tonight,Promise Circle,11,3ja9PyjO2x2KKzyT64mCdt,80's Pop Classics,2007-03-01,80's Freestyle/Disco Dance Party (Set Crossfade to 4-Seconds),1oReEujyWpQv2OX68BVPPA,latin,latin hip hop,0.75,0.911,1,-5.835,0,0.041,0.00929,0.702,0.0268,0.961,119.849,250311,veera,0.9527000000000001
2ZCTP54O2dMSbVrdsg60to,Barbie Girl,Aqua,5,2vb252Haz9iX4iOd7vP8kX,Greatest Hits,2009-01-01,90s Dance Hits,50cXvxgMGrvoUeLhkzCyIO,pop,dance pop,0.764,0.948,1,-4.355,0,0.0402,0.00929,0.0773,0.416,0.911,129.967,195040,veera,0.9524999999999999
0RJIb2cWKEBtEMjsLf225E,Tenerife - Original Mix,Aldair Silva,0,6DZxfPZguX0HKyfxMcNI10,Latin Village 2015,2015-08-14,Latin Village 2019,3JcJCsvBnRsA6oc7eUYDSB,latin,latin hip hop,0.797,0.911,11,-4.902,0,0.0656,0.00101,0.42,0.038,0.96,126.003,294350,veera,0.9524000000000001
5xLjBClF5iw43qwQMzBiXV,Blaze of Glory,Daemus Moon,19,6GlL7UXs4Ty8lpJ7eJBqis,Magnum,2019-04-28,House Electro 2019,72r6odw0Q3OWTCYMGA7Yiy,edm,electro house,0.452,0.962,0,-5.171,1,0.0508,0.0221,0.91,0.159,0.892,128.024,123750,veera,0.9524000000000001
0iCt0wDnoMe4Eg9Cy2zwqc,Firme Hina,Proper Dos,20,3NeI0G0uaHz2KZU5KxFrME,Greatest Hits,2003-01-01,Chicano Rap,3o3xRXWMtBMezk0E3wmtGI,latin,latin hip hop,0.839,0.913,3,-5.329,1,0.166,0.264,0.0,0.0559,0.956,115.585,243280,veera,0.952
4IejnaWylIqjqh0acnxmJS,Ridin Wit Some Killaz,Hitman Sammy Sam,12,03li45Op7ylSlWrouSReBC,Last Man Standing,2006-09-19,Dirty South Rap Classics by DJ HOTSAUCE,0tLHH1C4HkWEUCXXSSjbOe,rap,southern hip hop,0.809,0.936,7,-4.995,1,0.0749,0.000799,0.18,0.737,0.925,134.057,289227,veera,0.9519000000000002
2Z9B8sd6HgEfCWqvOfhFD0,Everybody Wants You - Remastered 2002,Billy Squier,55,36vJNbcqq5tRLh8yHwjsBG,Absolute Hits,2005-01-01,Classic Rock Workout,37i9dQZF1DWYNSm3Z3MxiM,rock,classic rock,0.529,0.906,7,-6.116,1,0.0517,0.105,3.78e-05,0.0757,0.965,131.847,228147,veera,0.9519
53hRIDhAuRo3PvMYC1XQu2,Aibo,Mystro,35,5vSh8yCAX0xgeptwKazEVH,Aibo,2014-07-03,"Hot Latino Mix (Latin, Hip Hop, Rap, RnB, Dancehall, Reggeaton, Afro)",3hR2R6szlkwZeGyclTgHcF,latin,latin hip hop,0.885,0.903,1,-2.91,1,0.0623,0.286,0.00141,0.0613,0.969,125.053,203546,veera,0.9519
4RcN7qGRs4OfbI8cHmqQiL,Chiquilla,A.B. Quintanilla III Y Los Kumbia Kings,50,16cRWklmy1DIKkYufsAJMb,From KK To Kumbia All-Starz,2006-01-01,Latin Pop antiguo,4BmnnqWEQAamNoVjtjrQJP,latin,latin pop,0.79,0.908,0,-4.836,1,0.0456,0.0895,6.36e-06,0.223,0.961,110.004,210307,veera,0.9515
3RuXekS5criwismaaj87iF,A Night to Remember - Original Version,High School Musical Cast,58,6j8k5gIeWzXapGKTVaZzER,High School Musical 3: Senior Year,2008-01-01,post teen pop,45AKTTGQEfYgAyidW5hucn,pop,post-teen pop,0.798,0.904,0,-3.316,0,0.0476,0.0747,6.62e-06,0.0522,0.966,135.008,236400,veera,0.9514
5hWdgGVcfTeLPAiHM6EZG9,Good Vibrations,Marky Mark And The Funky Bunch,57,03ZfzcyHfeWSuADL87VuTQ,Music For The People,1991,80s-90s R&B / New Jack Swing / Funk / Dance / Soul,3X4HmijjKdwwLonCrOOEAZ,r&b,new jack swing,0.711,0.951,1,-8.406,1,0.0537,0.00189,0.366,0.0229,0.903,121.656,269307,veera,0.9513
5ujxa8Vbpure9NhencrpyA,Tres Deseos (Three Wishes),ITA - CACHAO,37,1wXWeF4U9kpTYcBNBa1udG,Abriendo Puertas,1995-08-03,This Is Gloria Estefan,37i9dQZF1DXarsfY89zXC6,latin,latin pop,0.84,0.899,5,-8.179,1,0.0593,0.363,0.0,0.0167,0.971,130.942,212373,veera,0.9509000000000001
4yEXem27DzCg8xytvvO3E9,Lollipop (Candyman),Aqua,0,2vb252Haz9iX4iOd7vP8kX,Greatest Hits,2009-01-01,90s Dance Hits,50cXvxgMGrvoUeLhkzCyIO,pop,dance pop,0.716,0.981,0,-3.612,0,0.031,0.0317,0.0074,0.171,0.861,139.047,215053,veera,0.9507000000000001
2X2bn8tb5ogMSnHP90ANkm,Del√≠cia Tchu Tcha Tcha,Mike Moonnight,34,7DqbGoRD0eIDMSTiXO0t7W,We Go Latin 2,2019-04-28,Latest Latin American Hits 2020,51LvliKED7oZNJR8XCiPip,latin,latin hip hop,0.826,0.927,2,-3.643,1,0.0308,0.0572,1.76e-05,0.107,0.932,130.024,254151,veera,0.9504000000000001
7GhIk7Il098yCjg4BQjzvb,Never Gonna Give You Up,Rick Astley,66,6XhjNHCyCDyyGJRM5mg40G,Whenever You Need Somebody,1987-12-08,80's Songs | Top üíØ 80s Music Hits,65HtIbyFkaQPflCa4oW8KO,pop,electropop,0.727,0.939,8,-11.855,1,0.0369,0.135,4.35e-05,0.151,0.916,113.33,212827,veera,0.9503999999999999
6MHOg9xiYC2gj8zcASaLUo,"Strangelove - 7"" Version",Depeche Mode,52,1RC1I4Sf6tfnyMVoRJxDo3,The Singles 86-98,1998-09-23,permanent wave,7rPsfDTqiZYIT4PVzQ4c0c,rock,permanent wave,0.565,0.96,4,-3.503,0,0.0354,0.0441,0.00183,0.352,0.888,118.999,227413,veera,0.9503999999999999
02jcEwywffn3Tsb48fXmlW,Get the Party Started,P!nk,66,57wJKO7qrPw56iOEKhTmg2,M!ssundaztood (Expanded Edition),2001,post-teen pop,4TvZA7Pml7mHLgbwNomlnm,pop,post-teen pop,0.802,0.904,11,-3.267,0,0.0459,0.00108,0.0,0.173,0.961,128.931,192533,veera,0.9499
13PqqV8pIb6XpdZ85CACxF,Ella Me Bes√≥,Elvis Crespo,53,4qOI7cfefz2TvDkcfmnIKr,Ella Me Bes√≥,2018-11-29,Paraiso Tropical,37i9dQZF1DWYey22ryYM8U,latin,tropical,0.749,0.923,0,-3.056,1,0.209,0.0486,5.2e-05,0.0728,0.934,119.965,184372,veera,0.9494
6Dy9ADyJYhwUT2wVqBRqBD,Forever Amor,D'zyre,18,0fHzf8szAeXpnmUDP28ujh,Fever Freestyle Flashbacks,2000-03-15,80's Freestyle/Disco Dance Party (Set Crossfade to 4-Seconds),1oReEujyWpQv2OX68BVPPA,latin,latin hip hop,0.762,0.955,9,-4.35,0,0.0501,0.143,0.0181,0.0889,0.891,116.944,115093,veera,0.9493
036GQb6SETOJJG8BxJTNxc,Chloe (You're the One I Want),Emblem3,51,4rA1y7l62I627A69JFG1Vk,Nothing To Lose (Deluxe Version),2013-07-26,Post pop teen,222nc9tKxKhfZ2GBrOpwH3,pop,post-teen pop,0.71,0.925,0,-3.329,1,0.0359,0.039,0.0,0.127,0.93,118.024,222987,veera,0.9490000000000001
0Qv7xi6uPSqH2k82tOkGSt,Mad World,Tears For Fears,64,3sIFpEctox1XOs3FEkqrgr,The Hurting,1983-03-07,permanent wave,7rPsfDTqiZYIT4PVzQ4c0c,rock,permanent wave,0.628,0.907,4,-6.047,1,0.0412,0.0471,0.0579,0.0635,0.954,118.723,215400,veera,0.9490000000000001
2gT8OWcAgPg0yawg1qw4Nv,Loma de Cayenas,Vicente Garcia,51,7gSN3OHB6q52ivR61esxSe,Candela,2019-05-24,Paraiso Tropical,37i9dQZF1DWYey22ryYM8U,latin,tropical,0.839,0.899,5,-5.25,1,0.127,0.342,0.0,0.0969,0.964,129.955,227907,veera,0.9488000000000001
5ErnvqMFGlEl3AZdazIiLw,La China Medina,Rub√©n Blades,27,0MIDyc6ZUQWpZcgx6Bu9Mg,La China Medina,2019-05-03,Punto Tropical,37i9dQZF1DWZ1FUX6sM67g,latin,tropical,0.789,0.908,7,-7.213,1,0.0347,0.0354,2.41e-05,0.149,0.952,112.004,241355,veera,0.9488000000000001
